cart_id,user_id,product_id,quantity,unit_price,total_price,discounted_price,order_date
1,1,162,4,29.99,119.96,105.41,2026-05-31
1,1,113,3,3999.99,11999.97,10547.97,2026-05-31
1,1,122,3,299.99,899.97,839.76,2026-05-31
1,1,138,2,8.99,17.98,17.67,2026-05-31
2,2,86,5,19.99,99.94999999999999,93.12,2026-09-19
2,2,104,2,19.99,39.98,32.58,2026-09-19
3,3,24,1,14.99,14.99,14.36,2025-10-20
3,3,123,1,1099.99,1099.99,996.92,2025-10-20
3,3,129,1,299.99,299.99,279.14,2025-10-20
3,3,86,5,19.99,99.94999999999999,93.12,2025-10-20
3,3,8,2,89.99,179.98,153.49,2025-10-20
3,3,157,5,19.99,99.94999999999999,88.74,2025-10-20
4,4,92,3,109.99,329.96999999999997,329.84,2026-03-21
4,4,8,4,89.99,359.96,306.97,2026-03-21
5,5,161,4,349.99,1399.96,1145.17,2026-02-02
5,5,39,4,1.99,7.96,6.57,2026-02-02
5,5,3,4,14.99,59.96,54.06,2026-02-02
6,6,192,5,10999.99,54999.95,46232.96,2026-03-30
6,6,130,1,349.99,349.99,309.71,2026-03-30
6,6,155,4,24.99,99.96,95.02,2026-03-30
6,6,42,4,0.99,3.96,3.37,2026-03-30
7,7,56,1,49.99,49.99,42.97,2026-08-22
7,7,136,1,499.99,499.99,412.94,2026-08-22
7,7,9,2,69.99,139.98,139.11,2026-08-22
7,7,120,4,9.99,39.96,34.61,2026-08-22
7,7,56,1,49.99,49.99,42.97,2026-08-22
7,7,90,5,89.99,449.95,431.05,2026-08-22
8,8,18,2,8.99,17.98,16.26,2026-06-15
8,8,50,3,9.99,29.97,26.9,2026-06-15
8,8,162,4,29.99,119.96,105.41,2026-06-15
8,8,11,3,1899.99,5699.97,5211.48,2026-06-15
8,8,108,4,29.99,119.96,103.35,2026-06-15
8,8,106,1,349.99,349.99,307.92,2026-06-15
9,9,1,3,9.99,29.97,26.83,2025-10-14
9,9,98,2,13999.99,27999.98,26585.98,2025-10-14
9,9,132,3,499.99,1499.97,1208.23,2025-10-14
9,9,90,2,89.99,179.98,172.42,2025-10-14
10,10,41,1,2.49,2.49,2.16,2026-09-27
10,10,108,5,29.99,149.95,129.18,2026-09-27
11,11,115,4,14999.99,59999.96,55847.96,2026-06-14
11,11,101,2,549.99,1099.98,949.61,2026-06-14
11,11,55,4,6.99,27.96,23.83,2026-06-14
11,11,25,3,1.29,3.87,3.86,2026-06-14
11,11,161,2,349.99,699.98,572.58,2026-06-14
12,12,117,1,7499.99,7499.99,6631.49,2026-04-03
12,12,28,5,5.49,27.450000000000003,25.06,2026-04-03
12,12,98,2,13999.99,27999.98,26585.98,2026-04-03
12,12,8,1,89.99,89.99,76.74,2026-04-03
12,12,162,5,29.99,149.95,131.76,2026-04-03
12,12,14,4,499.99,1999.96,1959.76,2026-04-03
13,13,35,2,2.29,4.58,4.33,2026-03-14
13,13,23,4,2.99,11.96,10.64,2026-03-14
14,14,44,4,29.99,119.96,102.12,2026-06-15
14,14,68,1,24.99,24.99,24.24,2026-06-15
14,14,65,5,12.99,64.95,58.23,2026-06-15
15,15,61,2,34.99,69.98,58.07,2025-11-14
15,15,105,1,99.99,99.99,82.82,2025-11-14
15,15,141,2,39.99,79.98,73.79,2025-11-14
16,16,20,5,4.99,24.950000000000003,22.62,2026-01-13
16,16,91,3,119.99,359.96999999999997,342.08,2026-01-13
17,17,123,5,1099.99,5499.95,4984.6,2026-01-10
17,17,137,1,19.99,19.99,19.0,2026-01-10
17,17,25,5,1.29,6.45,6.44,2026-01-10
17,17,26,5,0.99,4.95,4.9,2026-01-10
18,18,169,5,24999.99,124999.95000000001,121712.45,2026-07-29
18,18,193,5,799.99,3999.95,3266.36,2026-07-29
19,19,22,3,10.99,32.97,29.58,2026-09-10
19,19,56,1,49.99,49.99,42.97,2026-09-10
19,19,97,2,10999.99,21999.98,21179.38,2026-09-10
19,19,71,1,39.99,39.99,37.71,2026-09-10
19,19,69,5,3.99,19.950000000000003,18.49,2026-09-10
20,20,123,4,1099.99,4399.96,3987.68,2026-05-14
20,20,36,3,19.99,59.97,55.42,2026-05-14
20,20,146,2,5.99,11.98,11.63,2026-05-14
20,20,89,3,79.99,239.96999999999997,196.68,2026-05-14
21,21,79,1,1799.99,1799.99,1599.47,2026-07-24
21,21,164,4,34.99,139.96,119.97,2026-07-24
21,21,192,1,10999.99,10999.99,9246.59,2026-07-24
22,22,16,4,1.99,7.96,6.96,2026-02-01
22,22,92,2,109.99,219.98,219.89,2026-02-01
22,22,166,2,39.99,79.98,69.62,2026-02-01
23,23,127,5,299.99,1499.95,1225.61,2025-12-08
23,23,134,4,249.99,999.96,898.26,2025-12-08
24,24,117,4,7499.99,29999.96,26525.96,2026-03-10
24,24,128,2,149.99,299.98,254.08,2026-03-10
25,25,32,2,3.49,6.98,6.02,2025-12-20
25,25,106,3,349.99,1049.97,923.76,2025-12-20
25,25,35,5,2.29,11.45,10.83,2025-12-20
25,25,110,4,14.99,59.96,48.33,2025-12-20
25,25,103,1,99.99,99.99,81.89,2025-12-20
26,26,122,3,299.99,899.97,839.76,2026-02-15
26,26,63,4,7.99,31.96,25.92,2026-02-15
26,26,108,4,29.99,119.96,103.35,2026-02-15
26,26,153,5,11.99,59.95,52.61,2026-02-15
27,27,192,4,10999.99,43999.96,36986.37,2025-11-12
27,27,97,5,10999.99,54999.95,52948.45,2025-11-12
27,27,20,3,4.99,14.97,13.57,2025-11-12
27,27,113,3,3999.99,11999.97,10547.97,2025-11-12
28,28,182,5,29.99,149.95,127.1,2026-09-30
28,28,64,2,14.99,29.98,24.33,2026-09-30
28,28,46,3,14.99,44.97,41.89,2026-09-30
28,28,185,5,19.99,99.94999999999999,96.62,2026-09-30
28,28,175,3,39.99,119.97,101.73,2026-09-30
28,28,81,5,1099.99,5499.95,5139.7,2026-09-30
29,29,174,3,599.99,1799.97,1546.35,2025-12-24
29,29,102,5,79.99,399.95,382.03,2025-12-24
29,29,48,5,7.99,39.95,38.82,2025-12-24
29,29,141,3,39.99,119.97,110.68,2025-12-24
30,30,143,1,29.99,29.99,29.0,2026-07-30
30,30,135,2,299.99,599.98,493.96,2026-07-30
30,30,126,1,399.99,399.99,325.43,2026-07-30
30,30,77,1,5.99,5.99,5.24,2026-07-30
30,30,3,5,14.99,74.95,67.57,2026-07-30
30,30,170,5,36999.99,184999.94999999998,154585.96,2026-07-30
31,31,2,2,19.99,39.98,32.71,2025-10-29
31,31,16,1,1.99,1.99,1.74,2025-10-29
31,31,54,3,8.99,26.97,23.71,2025-10-29
31,31,187,3,49.99,149.97,129.08,2025-10-29
31,31,106,3,349.99,1049.97,923.76,2025-10-29
32,32,21,5,1.49,7.45,7.44,2025-12-21
32,32,181,1,179.99,179.99,145.76,2025-12-21
33,33,175,1,39.99,39.99,33.91,2026-04-26
33,33,127,4,299.99,1199.96,980.49,2026-04-26
33,33,38,3,5.99,17.97,16.3,2026-04-26
33,33,14,5,499.99,2499.95,2449.7,2026-04-26
33,33,43,5,59.99,299.95,268.73,2026-04-26
33,33,169,5,24999.99,124999.95000000001,121712.45,2026-04-26
34,34,136,2,499.99,999.98,825.88,2026-04-28
34,34,100,3,129.99,389.97,329.37,2026-04-28
34,34,154,3,29.99,89.97,85.53,2026-04-28
35,35,69,2,3.99,7.98,7.4,2026-03-14
35,35,54,1,8.99,8.99,7.9,2026-03-14
35,35,181,3,179.99,539.97,437.27,2026-03-14
35,35,55,4,6.99,27.96,23.83,2026-03-14
35,35,38,3,5.99,17.97,16.3,2026-03-14
35,35,67,1,15.99,15.99,14.51,2026-03-14
36,36,3,3,14.99,44.97,40.54,2026-01-01
36,36,138,2,8.99,17.98,17.67,2026-01-01
36,36,72,4,8.99,35.96,31.16,2026-01-01
37,37,141,3,39.99,119.97,110.68,2026-05-10
37,37,41,4,2.49,9.96,8.64,2026-05-10
38,38,110,2,14.99,29.98,24.16,2026-06-25
38,38,161,1,349.99,349.99,286.29,2026-06-25
38,38,110,2,14.99,29.98,24.16,2026-06-25
39,39,148,2,9.99,19.98,16.51,2026-08-10
39,39,177,2,129.99,259.98,232.73,2026-08-10
40,40,154,3,29.99,89.97,85.53,2026-03-17
40,40,77,4,5.99,23.96,20.97,2026-03-17
40,40,6,3,49.99,149.97,147.14,2026-03-17
41,41,38,5,5.99,29.950000000000003,27.17,2026-07-19
41,41,97,2,10999.99,21999.98,21179.38,2026-07-19
41,41,139,4,24.99,99.96,97.06,2026-07-19
41,41,7,4,129.99,519.96,434.11,2026-07-19
41,41,95,3,8999.99,26999.97,24602.37,2026-07-19
42,42,148,5,9.99,49.95,41.27,2025-10-22
42,42,17,4,12.99,51.96,46.97,2025-10-22
42,42,179,2,79.99,159.98,135.89,2025-10-22
42,42,164,3,34.99,104.97,89.98,2025-10-22
42,42,7,2,129.99,259.98,217.06,2025-10-22
43,43,88,5,149.99,749.95,719.05,2026-01-16
43,43,13,2,299.99,599.98,485.44,2026-01-16
43,43,90,3,89.99,269.96999999999997,258.63,2026-01-16
43,43,61,2,34.99,69.98,58.07,2026-01-16
44,44,74,4,4.99,19.96,19.65,2026-09-02
44,44,115,3,14999.99,44999.97,41885.97,2026-09-02
44,44,142,1,12.99,12.99,11.87,2026-09-02
44,44,40,3,3.99,11.97,11.84,2026-09-02
44,44,132,4,499.99,1999.96,1610.97,2026-09-02
44,44,22,1,10.99,10.99,9.86,2026-09-02
45,45,168,4,32999.99,131999.96,121136.36,2025-12-23
45,45,29,3,3.99,11.97,10.53,2025-12-23
45,45,30,3,2.49,7.470000000000001,6.33,2025-12-23
45,45,156,4,34.99,139.96,138.55,2025-12-23
45,45,72,2,8.99,17.98,15.58,2025-12-23
45,45,75,5,16.99,84.94999999999999,78.6,2025-12-23
46,46,21,5,1.49,7.45,7.44,2025-12-31
46,46,121,3,199.99,599.97,522.51,2025-12-31
46,46,96,5,12999.99,64999.95,53611.96,2025-12-31
46,46,14,4,499.99,1999.96,1959.76,2025-12-31
47,47,6,3,49.99,149.97,147.14,2026-03-24
47,47,164,4,34.99,139.96,119.97,2026-03-24
47,47,169,2,24999.99,49999.98,48684.98,2026-03-24
47,47,92,2,109.99,219.98,219.89,2026-03-24
47,47,46,2,14.99,29.98,27.93,2026-03-24
48,48,140,5,14.99,74.95,69.37,2026-02-11
48,48,18,4,8.99,35.96,32.52,2026-02-11
49,49,184,5,19.99,99.94999999999999,99.19,2026-08-31
49,49,142,5,12.99,64.95,59.34,2026-08-31
49,49,15,5,799.99,3999.95,3647.95,2026-08-31
49,49,18,2,8.99,17.98,16.26,2026-08-31
49,49,111,2,12.99,25.98,21.01,2026-08-31
50,50,60,5,10.99,54.95,52.99,2026-03-20
50,50,96,1,12999.99,12999.99,10722.39,2026-03-20
50,50,8,1,89.99,89.99,76.74,2026-03-20
51,51,133,5,699.99,3499.95,3304.3,2026-06-15
51,51,73,1,19.99,19.99,17.57,2026-06-15
51,51,96,1,12999.99,12999.99,10722.39,2026-06-15
51,51,98,1,13999.99,13999.99,13292.99,2026-06-15
51,51,116,2,2999.99,5999.98,5623.78,2026-06-15
52,52,169,5,24999.99,124999.95000000001,121712.45,2025-12-30
52,52,194,2,129.99,259.98,227.22,2025-12-30
52,52,4,1,12.99,12.99,11.41,2025-12-30
52,52,114,1,8999.99,8999.99,8120.69,2025-12-30
52,52,77,5,5.99,29.950000000000003,26.21,2025-12-30
52,52,185,4,19.99,79.96,77.3,2025-12-30
53,53,159,2,499.99,999.98,963.58,2026-03-12
53,53,163,4,19.99,79.96,64.61,2026-03-12
54,54,12,2,2499.99,4999.98,4279.98,2026-02-13
54,54,78,3,1999.99,5999.97,5718.57,2026-02-13
55,55,49,3,5.99,17.97,15.16,2026-02-22
55,55,84,1,24.99,24.99,24.76,2026-02-22
56,56,60,2,10.99,21.98,21.2,2026-03-18
56,56,99,1,99.99,99.99,87.92,2026-03-18
57,57,88,5,149.99,749.95,719.05,2026-06-17
57,57,100,4,129.99,519.96,439.16,2026-06-17
58,58,174,2,599.99,1199.98,1030.9,2026-06-12
58,58,142,1,12.99,12.99,11.87,2026-06-12
59,59,170,2,36999.99,73999.98,61834.38,2026-02-13
59,59,145,1,29.99,29.99,24.91,2026-02-13
60,60,82,5,1499.99,7499.95,6608.21,2026-02-24
60,60,149,3,49.99,149.97,140.18,2026-02-24
61,61,66,4,89.99,359.96,316.3,2025-10-15
61,61,119,4,12.99,51.96,43.44,2025-10-15
61,61,107,3,49.99,149.97,141.38,2025-10-15
61,61,166,2,39.99,79.98,69.62,2025-10-15
61,61,42,1,0.99,0.99,0.84,2025-10-15
62,62,133,4,699.99,2799.96,2643.44,2025-11-24
62,62,53,4,12.99,51.96,47.79,2025-11-24
63,63,153,1,11.99,11.99,10.52,2026-08-16
63,63,179,2,79.99,159.98,135.89,2026-08-16
63,63,129,1,299.99,299.99,279.14,2026-08-16
63,63,19,4,9.99,39.96,34.49,2026-08-16
64,64,79,3,1799.99,5399.97,4798.41,2025-11-26
64,64,21,2,1.49,2.98,2.98,2025-11-26
64,64,73,4,19.99,79.96,70.29,2025-11-26
64,64,9,5,69.99,349.95,347.78,2025-11-26
64,64,175,5,39.99,199.95000000000002,169.56,2025-11-26
65,65,130,4,349.99,1399.96,1238.82,2026-02-01
65,65,93,1,89.99,89.99,84.6,2026-02-01
65,65,175,5,39.99,199.95000000000002,169.56,2026-02-01
65,65,87,1,27.99,27.99,24.8,2026-02-01
66,66,193,2,799.99,1599.98,1306.54,2026-08-02
66,66,160,1,599.99,599.99,520.13,2026-08-02
66,66,37,3,1.99,5.97,5.38,2026-08-02
66,66,178,1,89.99,89.99,75.36,2026-08-02
67,67,135,1,299.99,299.99,246.98,2025-10-05
67,67,9,2,69.99,139.98,139.11,2025-10-05
67,67,29,1,3.99,3.99,3.51,2025-10-05
68,68,65,2,12.99,25.98,23.29,2026-09-16
68,68,164,5,34.99,174.95000000000002,149.97,2026-09-16
68,68,53,4,12.99,51.96,47.79,2026-09-16
69,69,28,2,5.49,10.98,10.03,2026-02-13
69,69,190,1,4999.99,4999.99,4527.49,2026-02-13
69,69,183,3,24.99,74.97,63.59,2026-02-13
69,69,122,2,299.99,599.98,559.84,2026-02-13
69,69,122,5,299.99,1499.95,1399.6,2026-02-13
70,70,161,5,349.99,1749.95,1431.46,2025-12-18
70,70,112,3,499.99,1499.97,1375.32,2025-12-18
70,70,130,1,349.99,349.99,309.71,2025-12-18
70,70,149,3,49.99,149.97,140.18,2025-12-18
70,70,72,5,8.99,44.95,38.95,2025-12-18
71,71,133,4,699.99,2799.96,2643.44,2025-10-22
71,71,180,2,49.99,99.98,82.3,2025-10-22
71,71,23,2,2.99,5.98,5.32,2025-10-22
71,71,115,5,14999.99,74999.95,69809.95,2025-10-22
72,72,141,4,39.99,159.96,147.58,2026-07-26
72,72,46,5,14.99,74.95,69.82,2026-07-26
72,72,61,2,34.99,69.98,58.07,2026-07-26
72,72,38,3,5.99,17.97,16.3,2026-07-26
73,73,79,3,1799.99,5399.97,4798.41,2026-03-01
73,73,111,2,12.99,25.98,21.01,2026-03-01
73,73,63,4,7.99,31.96,25.92,2026-03-01
73,73,120,5,9.99,49.95,43.26,2026-03-01
73,73,129,1,299.99,299.99,279.14,2026-03-01
73,73,191,1,15999.99,15999.99,15342.39,2026-03-01
74,74,105,1,99.99,99.99,82.82,2026-02-06
74,74,130,4,349.99,1399.96,1238.82,2026-02-06
74,74,41,1,2.49,2.49,2.16,2026-02-06
74,74,36,3,19.99,59.97,55.42,2026-02-06
75,75,41,1,2.49,2.49,2.16,2026-01-13
75,75,127,1,299.99,299.99,245.12,2026-01-13
75,75,73,2,19.99,39.98,35.15,2026-01-13
75,75,37,2,1.99,3.98,3.59,2026-01-13
76,76,108,3,29.99,89.97,77.51,2026-05-26
76,76,78,4,1999.99,7999.96,7624.76,2026-05-26
76,76,167,1,28999.99,28999.99,27845.79,2026-05-26
76,76,177,3,129.99,389.97,349.1,2026-05-26
76,76,152,3,49.99,149.97,120.56,2026-05-26
77,77,106,2,349.99,699.98,615.84,2026-07-03
77,77,178,2,89.99,179.98,150.72,2026-07-03
77,77,91,1,119.99,119.99,114.03,2026-07-03
78,78,171,4,31999.99,127999.96,109107.17,2026-08-23
78,78,120,3,9.99,29.97,25.96,2026-08-23
78,78,181,5,179.99,899.95,728.78,2026-08-23
78,78,85,1,34.99,34.99,28.17,2026-08-23
79,79,18,3,8.99,26.97,24.39,2026-09-12
79,79,84,3,24.99,74.97,74.27,2026-09-12
79,79,193,1,799.99,799.99,653.27,2026-09-12
79,79,174,1,599.99,599.99,515.45,2026-09-12
79,79,147,3,17.99,53.97,51.19,2026-09-12
79,79,50,2,9.99,19.98,17.93,2026-09-12
80,80,41,2,2.49,4.98,4.32,2026-06-24
80,80,13,5,299.99,1499.95,1213.61,2026-06-24
81,81,2,3,19.99,59.97,49.06,2026-09-29
81,81,36,5,19.99,99.94999999999999,92.36,2026-09-29
81,81,18,2,8.99,17.98,16.26,2026-09-29
81,81,53,5,12.99,64.95,59.73,2026-09-29
82,82,163,1,19.99,19.99,16.15,2026-03-03
82,82,46,5,14.99,74.95,69.82,2026-03-03
82,82,43,3,59.99,179.97,161.24,2026-03-03
82,82,107,4,49.99,199.96,188.5,2026-03-03
82,82,136,3,499.99,1499.97,1238.83,2026-03-03
83,83,163,2,19.99,39.98,32.3,2026-03-06
83,83,32,1,3.49,3.49,3.01,2026-03-06
83,83,14,4,499.99,1999.96,1959.76,2026-03-06
83,83,170,4,36999.99,147999.96,123668.77,2026-03-06
83,83,49,3,5.99,17.97,15.16,2026-03-06
84,84,141,2,39.99,79.98,73.79,2025-12-23
84,84,90,5,89.99,449.95,431.05,2025-12-23
84,84,71,1,39.99,39.99,37.71,2025-12-23
85,85,157,4,19.99,79.96,70.99,2026-08-06
85,85,47,2,49.99,99.98,92.89,2026-08-06
86,86,114,5,8999.99,44999.95,40603.45,2026-06-09
86,86,180,5,49.99,249.95000000000002,205.76,2026-06-09
87,87,45,5,39.99,199.95000000000002,185.03,2026-06-20
87,87,175,2,39.99,79.98,67.82,2026-06-20
87,87,44,1,29.99,29.99,25.53,2026-06-20
88,88,58,5,3.99,19.950000000000003,18.34,2025-12-01
88,88,100,1,129.99,129.99,109.79,2025-12-01
89,89,30,4,2.49,9.96,8.44,2026-02-15
89,89,101,4,549.99,2199.96,1899.23,2026-02-15
89,89,44,1,29.99,29.99,25.53,2026-02-15
89,89,150,2,29.99,59.98,48.28,2026-02-15
89,89,150,5,29.99,149.95,120.69,2026-02-15
89,89,138,1,8.99,8.99,8.84,2026-02-15
90,90,132,2,499.99,999.98,805.48,2025-10-28
90,90,180,4,49.99,199.96,164.61,2025-10-28
90,90,83,2,29.99,59.98,50.77,2025-10-28
90,90,176,5,59.99,299.95,265.07,2025-10-28
90,90,94,3,1499.99,4499.97,3724.18,2025-10-28
91,91,187,4,49.99,199.96,172.11,2025-12-18
91,91,52,2,29.99,59.98,56.06,2025-12-18
92,92,132,1,499.99,499.99,402.74,2026-06-29
92,92,187,3,49.99,149.97,129.08,2026-06-29
92,92,51,4,39.99,159.96,148.35,2026-06-29
93,93,83,2,29.99,59.98,50.77,2026-09-06
93,93,74,2,4.99,9.98,9.83,2026-09-06
93,93,103,1,99.99,99.99,81.89,2026-09-06
93,93,85,4,34.99,139.96,112.67,2026-09-06
93,93,13,5,299.99,1499.95,1213.61,2026-09-06
94,94,75,5,16.99,84.94999999999999,78.6,2026-05-18
94,94,3,4,14.99,59.96,54.06,2026-05-18
94,94,155,3,24.99,74.97,71.27,2026-05-18
94,94,16,3,1.99,5.97,5.22,2026-05-18
94,94,188,4,29.99,119.96,103.0,2026-05-18
95,95,133,5,699.99,3499.95,3304.3,2026-06-20
95,95,23,2,2.99,5.98,5.32,2026-06-20
95,95,170,4,36999.99,147999.96,123668.77,2026-06-20
95,95,183,5,24.99,124.94999999999999,105.98,2026-06-20
95,95,133,4,699.99,2799.96,2643.44,2026-06-20
95,95,140,4,14.99,59.96,55.5,2026-06-20
96,96,5,5,8.99,44.95,39.81,2026-05-07
96,96,162,2,29.99,59.98,52.7,2026-05-07
97,97,18,1,8.99,8.99,8.13,2026-09-07
97,97,41,2,2.49,4.98,4.32,2026-09-07
97,97,132,4,499.99,1999.96,1610.97,2026-09-07
98,98,180,5,49.99,249.95000000000002,205.76,2026-07-27
98,98,48,2,7.99,15.98,15.53,2026-07-27
98,98,99,5,99.99,499.95,439.61,2026-07-27
98,98,188,1,29.99,29.99,25.75,2026-07-27
98,98,156,4,34.99,139.96,138.55,2026-07-27
98,98,24,5,14.99,74.95,71.78,2026-07-27
99,99,18,3,8.99,26.97,24.39,2026-05-08
99,99,68,3,24.99,74.97,72.72,2026-05-08
99,99,146,1,5.99,5.99,5.81,2026-05-08
99,99,28,3,5.49,16.47,15.04,2026-05-08
100,100,31,4,0.79,3.16,2.85,2026-01-18
100,100,97,3,10999.99,32999.97,31769.07,2026-01-18
101,101,57,3,9.99,29.97,28.92,2026-07-11
101,101,153,3,11.99,35.97,31.56,2026-07-11
101,101,133,2,699.99,1399.98,1321.72,2026-07-11
101,101,22,1,10.99,10.99,9.86,2026-07-11
101,101,68,3,24.99,74.97,72.72,2026-07-11
102,102,22,1,10.99,10.99,9.86,2025-11-12
102,102,111,1,12.99,12.99,10.51,2025-11-12
102,102,53,4,12.99,51.96,47.79,2025-11-12
102,102,45,2,39.99,79.98,74.01,2025-11-12
102,102,63,2,7.99,15.98,12.96,2025-11-12
103,103,37,5,1.99,9.95,8.96,2026-08-04
103,103,39,4,1.99,7.96,6.57,2026-08-04
103,103,18,2,8.99,17.98,16.26,2026-08-04
104,104,87,5,27.99,139.95,124.02,2026-06-16
104,104,24,5,14.99,74.95,71.78,2026-06-16
104,104,32,3,3.49,10.47,9.03,2026-06-16
104,104,66,4,89.99,359.96,316.3,2026-06-16
104,104,55,5,6.99,34.95,29.79,2026-06-16
104,104,99,5,99.99,499.95,439.61,2026-06-16
105,105,148,2,9.99,19.98,16.51,2026-05-20
105,105,109,3,19.99,59.97,54.82,2026-05-20
105,105,75,4,16.99,67.96,62.88,2026-05-20
106,106,84,1,24.99,24.99,24.76,2026-06-09
106,106,166,2,39.99,79.98,69.62,2026-06-09
107,107,52,1,29.99,29.99,28.03,2026-01-13
107,107,47,2,49.99,99.98,92.89,2026-01-13
108,108,142,1,12.99,12.99,11.87,2025-12-28
108,108,106,3,349.99,1049.97,923.76,2025-12-28
109,109,78,5,1999.99,9999.95,9530.95,2026-08-13
109,109,93,1,89.99,89.99,84.6,2026-08-13
110,110,170,1,36999.99,36999.99,30917.19,2026-06-16
110,110,163,3,19.99,59.97,48.46,2026-06-16
110,110,38,4,5.99,23.96,21.73,2026-06-16
110,110,61,2,34.99,69.98,58.07,2026-06-16
110,110,92,5,109.99,549.9499999999999,549.73,2026-06-16
111,111,12,5,2499.99,12499.949999999999,10699.96,2026-07-18
111,111,161,4,349.99,1399.96,1145.17,2026-07-18
112,112,172,4,49.99,199.96,164.21,2026-02-14
112,112,49,1,5.99,5.99,5.05,2026-02-14
112,112,142,3,12.99,38.97,35.61,2026-02-14
112,112,156,4,34.99,139.96,138.55,2026-02-14
113,113,1,5,9.99,49.95,44.72,2025-10-06
113,113,110,5,14.99,74.95,60.41,2025-10-06
113,113,112,3,499.99,1499.97,1375.32,2025-10-06
114,114,105,2,99.99,199.98,165.64,2025-12-17
114,114,117,5,7499.99,37499.95,33157.46,2025-12-17
115,115,166,2,39.99,79.98,69.62,2026-08-26
115,115,81,4,1099.99,4399.96,4111.76,2026-08-26
115,115,69,2,3.99,7.98,7.4,2026-08-26
115,115,18,4,8.99,35.96,32.52,2026-08-26
115,115,23,1,2.99,2.99,2.66,2026-08-26
116,116,144,1,44.99,44.99,40.65,2025-12-01
116,116,21,5,1.49,7.45,7.44,2025-12-01
116,116,116,3,2999.99,8999.97,8435.67,2025-12-01
116,116,111,3,12.99,38.97,31.52,2025-12-01
116,116,120,5,9.99,49.95,43.26,2025-12-01
117,117,11,2,1899.99,3799.98,3474.32,2026-05-07
117,117,69,1,3.99,3.99,3.7,2026-05-07
117,117,37,3,1.99,5.97,5.38,2026-05-07
117,117,176,3,59.99,179.97,159.04,2026-05-07
117,117,80,5,1399.99,6999.95,6343.35,2026-05-07
118,118,60,4,10.99,43.96,42.4,2026-06-08
118,118,183,2,24.99,49.98,42.39,2026-06-08
118,118,120,4,9.99,39.96,34.61,2026-06-08
118,118,33,5,4.99,24.950000000000003,21.74,2026-06-08
119,119,104,2,19.99,39.98,32.58,2025-10-12
119,119,100,2,129.99,259.98,219.58,2025-10-12
120,120,105,2,99.99,199.98,165.64,2026-08-13
120,120,45,2,39.99,79.98,74.01,2026-08-13
120,120,88,4,149.99,599.96,575.24,2026-08-13
121,121,60,5,10.99,54.95,52.99,2026-04-06
121,121,42,3,0.99,2.9699999999999998,2.53,2026-04-06
121,121,53,2,12.99,25.98,23.89,2026-04-06
122,122,95,3,8999.99,26999.97,24602.37,2026-02-06
122,122,184,2,19.99,39.98,39.68,2026-02-06
122,122,47,1,49.99,49.99,46.45,2026-02-06
123,123,183,4,24.99,99.96,84.79,2026-09-28
123,123,116,3,2999.99,8999.97,8435.67,2026-09-28
123,123,155,4,24.99,99.96,95.02,2026-09-28
123,123,53,4,12.99,51.96,47.79,2026-09-28
123,123,115,5,14999.99,74999.95,69809.95,2026-09-28
123,123,180,1,49.99,49.99,41.15,2026-09-28
124,124,144,4,44.99,179.96,162.61,2025-11-07
124,124,149,5,49.99,249.95000000000002,233.63,2025-11-07
124,124,146,5,5.99,29.950000000000003,29.07,2025-11-07
124,124,120,1,9.99,9.99,8.65,2025-11-07
125,125,123,3,1099.99,3299.9700000000003,2990.76,2025-12-06
125,125,4,5,12.99,64.95,57.05,2025-12-06
126,126,181,2,179.99,359.98,291.51,2026-08-05
126,126,68,5,24.99,124.94999999999999,121.2,2026-08-05
126,126,69,2,3.99,7.98,7.4,2026-08-05
126,126,127,2,299.99,599.98,490.24,2026-08-05
126,126,30,5,2.49,12.450000000000001,10.56,2026-08-05
127,127,140,2,14.99,29.98,27.75,2026-09-07
127,127,128,3,149.99,449.97,381.12,2026-09-07
127,127,87,3,27.99,83.97,74.41,2026-09-07
127,127,46,4,14.99,59.96,55.86,2026-09-07
127,127,121,2,199.99,399.98,348.34,2026-09-07
128,128,147,1,17.99,17.99,17.06,2026-02-27
128,128,78,5,1999.99,9999.95,9530.95,2026-02-27
128,128,4,3,12.99,38.97,34.23,2026-02-27
128,128,173,1,129.99,129.99,124.96,2026-02-27
128,128,57,5,9.99,49.95,48.2,2026-02-27
129,129,136,4,499.99,1999.96,1651.77,2026-06-17
129,129,52,5,29.99,149.95,140.16,2026-06-17
129,129,21,1,1.49,1.49,1.49,2026-06-17
129,129,162,1,29.99,29.99,26.35,2026-06-17
129,129,18,5,8.99,44.95,40.64,2026-06-17
129,129,59,4,4.99,19.96,18.38,2026-06-17
130,130,65,2,12.99,25.98,23.29,2025-11-27
130,130,15,2,799.99,1599.98,1459.18,2025-11-27
130,130,167,1,28999.99,28999.99,27845.79,2025-11-27
131,131,93,5,89.99,449.95,423.0,2025-11-18
131,131,65,2,12.99,25.98,23.29,2025-11-18
131,131,90,2,89.99,179.98,172.42,2025-11-18
131,131,133,4,699.99,2799.96,2643.44,2025-11-18
131,131,35,3,2.29,6.87,6.5,2025-11-18
131,131,10,3,79.99,239.96999999999997,205.44,2025-11-18
132,132,51,3,39.99,119.97,111.26,2026-07-30
132,132,179,1,79.99,79.99,67.94,2026-07-30
132,132,51,4,39.99,159.96,148.35,2026-07-30
132,132,12,5,2499.99,12499.949999999999,10699.96,2026-07-30
132,132,65,4,12.99,51.96,46.59,2026-07-30
132,132,134,2,249.99,499.98,449.13,2026-07-30
133,133,176,2,59.99,119.98,106.03,2026-05-11
133,133,176,4,59.99,239.96,212.05,2026-05-11
133,133,152,4,49.99,199.96,160.75,2026-05-11
133,133,190,1,4999.99,4999.99,4527.49,2026-05-11
133,133,78,2,1999.99,3999.98,3812.38,2026-05-11
134,134,126,3,399.99,1199.97,976.3,2026-08-02
134,134,103,3,99.99,299.96999999999997,245.68,2026-08-02
134,134,173,3,129.99,389.97,374.88,2026-08-02
134,134,183,3,24.99,74.97,63.59,2026-08-02
134,134,104,3,19.99,59.97,48.86,2026-08-02
134,134,34,4,7.99,31.96,31.45,2026-08-02
135,135,150,2,29.99,59.98,48.28,2026-05-02
135,135,188,2,29.99,59.98,51.5,2026-05-02
135,135,100,5,129.99,649.95,548.95,2026-05-02
135,135,188,4,29.99,119.96,103.0,2026-05-02
136,136,177,2,129.99,259.98,232.73,2026-04-22
136,136,65,2,12.99,25.98,23.29,2026-04-22
136,136,166,3,39.99,119.97,104.43,2026-04-22
137,137,43,3,59.99,179.97,161.24,2026-03-30
137,137,87,5,27.99,139.95,124.02,2026-03-30
137,137,56,2,49.99,99.98,85.94,2026-03-30
137,137,113,3,3999.99,11999.97,10547.97,2026-03-30
137,137,158,1,22.99,22.99,22.64,2026-03-30
138,138,117,2,7499.99,14999.98,13262.98,2025-10-20
138,138,146,5,5.99,29.950000000000003,29.07,2025-10-20
139,139,62,2,5.99,11.98,11.9,2026-09-26
139,139,139,1,24.99,24.99,24.27,2026-09-26
140,140,87,1,27.99,27.99,24.8,2026-03-01
140,140,58,4,3.99,15.96,14.67,2026-03-01
140,140,88,4,149.99,599.96,575.24,2026-03-01
141,141,161,5,349.99,1749.95,1431.46,2026-07-30
141,141,35,5,2.29,11.45,10.83,2026-07-30
141,141,160,2,599.99,1199.98,1040.26,2026-07-30
141,141,110,2,14.99,29.98,24.16,2026-07-30
142,142,159,2,499.99,999.98,963.58,2026-04-28
142,142,187,4,49.99,199.96,172.11,2026-04-28
142,142,112,2,499.99,999.98,916.88,2026-04-28
142,142,51,5,39.99,199.95000000000002,185.43,2026-04-28
142,142,5,4,8.99,35.96,31.85,2026-04-28
142,142,102,3,79.99,239.96999999999997,229.22,2026-04-28
143,143,149,3,49.99,149.97,140.18,2026-09-27
143,143,150,4,29.99,119.96,96.56,2026-09-27
143,143,80,5,1399.99,6999.95,6343.35,2026-09-27
143,143,12,4,2499.99,9999.96,8559.97,2026-09-27
143,143,166,3,39.99,119.97,104.43,2026-09-27
143,143,92,2,109.99,219.98,219.89,2026-09-27
144,144,12,1,2499.99,2499.99,2139.99,2026-05-17
144,144,132,3,499.99,1499.97,1208.23,2026-05-17
144,144,35,4,2.29,9.16,8.67,2026-05-17
144,144,71,3,39.99,119.97,113.13,2026-05-17
144,144,156,4,34.99,139.96,138.55,2026-05-17
145,145,152,4,49.99,199.96,160.75,2026-02-21
145,145,52,3,29.99,89.97,84.09,2026-02-21
145,145,129,2,299.99,599.98,558.28,2026-02-21
145,145,146,1,5.99,5.99,5.81,2026-02-21
145,145,77,3,5.99,17.97,15.73,2026-02-21
145,145,10,3,79.99,239.96999999999997,205.44,2026-02-21
146,146,137,2,19.99,39.98,38.01,2026-02-11
146,146,18,5,8.99,44.95,40.64,2026-02-11
146,146,172,4,49.99,199.96,164.21,2026-02-11
146,146,151,2,6.99,13.98,12.34,2026-02-11
146,146,102,3,79.99,239.96999999999997,229.22,2026-02-11
146,146,76,2,11.99,23.98,21.64,2026-02-11
147,147,42,3,0.99,2.9699999999999998,2.53,2026-02-10
147,147,122,1,299.99,299.99,279.92,2026-02-10
147,147,129,3,299.99,899.97,837.42,2026-02-10
147,147,7,5,129.99,649.95,542.64,2026-02-10
147,147,107,5,49.99,249.95000000000002,235.63,2026-02-10
148,148,32,2,3.49,6.98,6.02,2026-09-06
148,148,111,5,12.99,64.95,52.53,2026-09-06
149,149,117,5,7499.99,37499.95,33157.46,2026-06-22
149,149,101,2,549.99,1099.98,949.61,2026-06-22
149,149,91,5,119.99,599.9499999999999,570.13,2026-06-22
149,149,28,5,5.49,27.450000000000003,25.06,2026-06-22
150,150,153,1,11.99,11.99,10.52,2026-08-05
150,150,32,5,3.49,17.450000000000003,15.05,2026-08-05
150,150,159,2,499.99,999.98,963.58,2026-08-05
151,151,38,2,5.99,11.98,10.87,2026-06-13
151,151,2,3,19.99,59.97,49.06,2026-06-13
151,151,21,4,1.49,5.96,5.95,2026-06-13
151,151,52,5,29.99,149.95,140.16,2026-06-13
151,151,2,1,19.99,19.99,16.35,2026-06-13
152,152,108,4,29.99,119.96,103.35,2025-11-15
152,152,193,5,799.99,3999.95,3266.36,2025-11-15
153,153,7,2,129.99,259.98,217.06,2026-06-07
153,153,120,3,9.99,29.97,25.96,2026-06-07
153,153,110,1,14.99,14.99,12.08,2026-06-07
153,153,136,5,499.99,2499.95,2064.71,2026-06-07
153,153,80,1,1399.99,1399.99,1268.67,2026-06-07
153,153,164,3,34.99,104.97,89.98,2026-06-07
154,154,29,1,3.99,3.99,3.51,2025-10-05
154,154,93,5,89.99,449.95,423.0,2025-10-05
154,154,176,2,59.99,119.98,106.03,2025-10-05
155,155,113,5,3999.99,19999.949999999997,17579.96,2026-03-16
155,155,74,5,4.99,24.950000000000003,24.57,2026-03-16
155,155,71,4,39.99,159.96,150.84,2026-03-16
155,155,170,3,36999.99,110999.97,92751.57,2026-03-16
155,155,36,2,19.99,39.98,36.95,2026-03-16
156,156,67,4,15.99,63.96,58.04,2026-03-09
156,156,112,5,499.99,2499.95,2292.2,2026-03-09
156,156,67,5,15.99,79.95,72.55,2026-03-09
157,157,74,1,4.99,4.99,4.91,2026-05-03
157,157,16,1,1.99,1.99,1.74,2026-05-03
158,158,13,1,299.99,299.99,242.72,2025-11-24
158,158,44,1,29.99,29.99,25.53,2025-11-24
158,158,6,5,49.99,249.95000000000002,245.23,2025-11-24
158,158,14,1,499.99,499.99,489.94,2025-11-24
158,158,182,3,29.99,89.97,76.26,2025-11-24
159,159,68,5,24.99,124.94999999999999,121.2,2025-12-11
159,159,105,1,99.99,99.99,82.82,2025-12-11
159,159,164,3,34.99,104.97,89.98,2025-12-11
159,159,119,4,12.99,51.96,43.44,2025-12-11
159,159,148,2,9.99,19.98,16.51,2025-12-11
159,159,56,1,49.99,49.99,42.97,2025-12-11
160,160,66,1,89.99,89.99,79.07,2025-10-18
160,160,183,3,24.99,74.97,63.59,2025-10-18
161,161,172,5,49.99,249.95000000000002,205.26,2026-01-08
161,161,156,4,34.99,139.96,138.55,2026-01-08
161,161,159,3,499.99,1499.97,1445.37,2026-01-08
161,161,105,4,99.99,399.96,331.29,2026-01-08
161,161,68,2,24.99,49.98,48.48,2026-01-08
162,162,151,4,6.99,27.96,24.67,2026-07-28
162,162,118,1,8.99,8.99,7.33,2026-07-28
162,162,112,4,499.99,1999.96,1833.76,2026-07-28
162,162,129,4,299.99,1199.96,1116.56,2026-07-28
163,163,51,2,39.99,79.98,74.17,2026-05-11
163,163,33,3,4.99,14.97,13.04,2026-05-11
163,163,13,3,299.99,899.97,728.17,2026-05-11
163,163,8,5,89.99,449.95,383.72,2026-05-11
163,163,6,1,49.99,49.99,49.05,2026-05-11
164,164,27,4,6.99,27.96,23.93,2026-07-12
164,164,61,4,34.99,139.96,116.14,2026-07-12
164,164,46,4,14.99,59.96,55.86,2026-07-12
165,165,46,1,14.99,14.99,13.96,2026-03-19
165,165,109,2,19.99,39.98,36.55,2026-03-19
165,165,76,1,11.99,11.99,10.82,2026-03-19
165,165,189,2,34.99,69.98,57.6,2026-03-19
165,165,73,3,19.99,59.97,52.72,2026-03-19
165,165,113,5,3999.99,19999.949999999997,17579.96,2026-03-19
166,166,175,2,39.99,79.98,67.82,2025-11-25
166,166,180,1,49.99,49.99,41.15,2025-11-25
167,167,191,3,15999.99,47999.97,46027.17,2026-07-22
167,167,21,1,1.49,1.49,1.49,2026-07-22
167,167,166,5,39.99,199.95000000000002,174.06,2026-07-22
168,168,52,2,29.99,59.98,56.06,2026-04-09
168,168,50,4,9.99,39.96,35.87,2026-04-09
169,169,193,1,799.99,799.99,653.27,2026-09-15
169,169,95,4,8999.99,35999.96,32803.16,2026-09-15
170,170,8,1,89.99,89.99,76.74,2026-08-18
170,170,126,4,399.99,1599.96,1301.73,2026-08-18
170,170,59,5,4.99,24.950000000000003,22.97,2026-08-18
170,170,9,1,69.99,69.99,69.56,2026-08-18
170,170,46,3,14.99,44.97,41.89,2026-08-18
171,171,166,5,39.99,199.95000000000002,174.06,2026-03-29
171,171,157,1,19.99,19.99,17.75,2026-03-29
172,172,24,5,14.99,74.95,71.78,2026-02-02
172,172,1,2,9.99,19.98,17.89,2026-02-02
172,172,8,1,89.99,89.99,76.74,2026-02-02
172,172,100,3,129.99,389.97,329.37,2026-02-02
173,173,191,1,15999.99,15999.99,15342.39,2026-02-03
173,173,106,5,349.99,1749.95,1539.61,2026-02-03
173,173,63,4,7.99,31.96,25.92,2026-02-03
173,173,37,2,1.99,3.98,3.59,2026-02-03
174,174,158,4,22.99,91.96,90.57,2026-01-26
174,174,90,5,89.99,449.95,431.05,2026-01-26
174,174,54,4,8.99,35.96,31.61,2026-01-26
174,174,27,3,6.99,20.97,17.95,2026-01-26
174,174,83,5,29.99,149.95,126.93,2026-01-26
174,174,39,2,1.99,3.98,3.28,2026-01-26
175,175,128,1,149.99,149.99,127.04,2026-01-13
175,175,99,2,99.99,199.98,175.84,2026-01-13
176,176,152,5,49.99,249.95000000000002,200.93,2026-01-14
176,176,19,2,9.99,19.98,17.24,2026-01-14
177,177,179,5,79.99,399.95,339.72,2026-08-06
177,177,14,4,499.99,1999.96,1959.76,2026-08-06
178,178,4,2,12.99,25.98,22.82,2026-03-26
178,178,43,4,59.99,239.96,214.98,2026-03-26
178,178,93,3,89.99,269.96999999999997,253.8,2026-03-26
178,178,128,5,149.99,749.95,635.21,2026-03-26
178,178,99,5,99.99,499.95,439.61,2026-03-26
178,178,12,2,2499.99,4999.98,4279.98,2026-03-26
179,179,100,2,129.99,259.98,219.58,2026-08-24
179,179,83,4,29.99,119.96,101.55,2026-08-24
179,179,95,3,8999.99,26999.97,24602.37,2026-08-24
179,179,32,3,3.49,10.47,9.03,2026-08-24
179,179,118,3,8.99,26.97,21.98,2026-08-24
179,179,88,1,149.99,149.99,143.81,2026-08-24
180,180,26,2,0.99,1.98,1.96,2025-12-21
180,180,74,1,4.99,4.99,4.91,2025-12-21
181,181,105,2,99.99,199.98,165.64,2026-09-06
181,181,48,1,7.99,7.99,7.76,2026-09-06
181,181,82,3,1499.99,4499.97,3964.92,2026-09-06
182,182,69,3,3.99,11.97,11.09,2026-04-28
182,182,176,2,59.99,119.98,106.03,2026-04-28
182,182,67,5,15.99,79.95,72.55,2026-04-28
182,182,133,3,699.99,2099.9700000000003,1982.58,2026-04-28
182,182,47,4,49.99,199.96,185.78,2026-04-28
182,182,129,3,299.99,899.97,837.42,2026-04-28
183,183,63,5,7.99,39.95,32.4,2026-04-01
183,183,64,1,14.99,14.99,12.16,2026-04-01
183,183,136,5,499.99,2499.95,2064.71,2026-04-01
183,183,193,3,799.99,2399.9700000000003,1959.82,2026-04-01
183,183,167,2,28999.99,57999.98,55691.58,2026-04-01
184,184,98,1,13999.99,13999.99,13292.99,2026-03-04
184,184,67,1,15.99,15.99,14.51,2026-03-04
185,185,33,1,4.99,4.99,4.35,2025-12-12
185,185,130,4,349.99,1399.96,1238.82,2025-12-12
186,186,92,3,109.99,329.96999999999997,329.84,2026-03-12
186,186,70,5,6.99,34.95,29.88,2026-03-12
187,187,12,4,2499.99,9999.96,8559.97,2026-02-21
187,187,119,5,12.99,64.95,54.3,2026-02-21
187,187,161,2,349.99,699.98,572.58,2026-02-21
187,187,10,1,79.99,79.99,68.48,2026-02-21
188,188,184,5,19.99,99.94999999999999,99.19,2025-10-21
188,188,166,1,39.99,39.99,34.81,2025-10-21
188,188,2,1,19.99,19.99,16.35,2025-10-21
188,188,183,1,24.99,24.99,21.2,2025-10-21
189,189,122,3,299.99,899.97,839.76,2026-06-13
189,189,8,4,89.99,359.96,306.97,2026-06-13
189,189,108,1,29.99,29.99,25.84,2026-06-13
190,190,157,4,19.99,79.96,70.99,2026-05-13
190,190,98,4,13999.99,55999.96,53171.96,2026-05-13
191,191,7,3,129.99,389.97,325.59,2026-03-14
191,191,45,2,39.99,79.98,74.01,2026-03-14
191,191,96,3,12999.99,38999.97,32167.18,2026-03-14
191,191,184,1,19.99,19.99,19.84,2026-03-14
191,191,78,2,1999.99,3999.98,3812.38,2026-03-14
192,192,98,5,13999.99,69999.95,66464.95,2026-05-14
192,192,92,3,109.99,329.96999999999997,329.84,2026-05-14
192,192,28,5,5.49,27.450000000000003,25.06,2026-05-14
192,192,1,3,9.99,29.97,26.83,2026-05-14
192,192,43,4,59.99,239.96,214.98,2026-05-14
193,193,26,5,0.99,4.95,4.9,2025-11-01
193,193,100,4,129.99,519.96,439.16,2025-11-01
193,193,138,4,8.99,35.96,35.35,2025-11-01
193,193,2,1,19.99,19.99,16.35,2025-11-01
193,193,149,1,49.99,49.99,46.73,2025-11-01
193,193,59,5,4.99,24.950000000000003,22.97,2025-11-01
194,194,111,3,12.99,38.97,31.52,2026-07-30
194,194,167,3,28999.99,86999.97,83537.37,2026-07-30
194,194,17,4,12.99,51.96,46.97,2026-07-30
195,195,103,4,99.99,399.96,327.57,2026-07-19
195,195,100,1,129.99,129.99,109.79,2026-07-19
195,195,192,4,10999.99,43999.96,36986.37,2026-07-19
195,195,43,1,59.99,59.99,53.75,2026-07-19
195,195,60,4,10.99,43.96,42.4,2026-07-19
195,195,27,4,6.99,27.96,23.93,2026-07-19
196,196,185,2,19.99,39.98,38.65,2026-06-20
196,196,1,5,9.99,49.95,44.72,2026-06-20
196,196,52,2,29.99,59.98,56.06,2026-06-20
196,196,24,4,14.99,59.96,57.42,2026-06-20
196,196,115,5,14999.99,74999.95,69809.95,2026-06-20
197,197,18,4,8.99,35.96,32.52,2025-12-07
197,197,167,2,28999.99,57999.98,55691.58,2025-12-07
197,197,87,1,27.99,27.99,24.8,2025-12-07
198,198,39,3,1.99,5.97,4.93,2026-07-16
198,198,36,3,19.99,59.97,55.42,2026-07-16
198,198,168,3,32999.99,98999.97,90852.27,2026-07-16
198,198,129,5,299.99,1499.95,1395.7,2026-07-16
199,199,98,2,13999.99,27999.98,26585.98,2026-03-14
199,199,43,4,59.99,239.96,214.98,2026-03-14
200,200,87,5,27.99,139.95,124.02,2025-12-12
200,200,187,3,49.99,149.97,129.08,2025-12-12
200,200,44,3,29.99,89.97,76.59,2025-12-12
200,200,142,5,12.99,64.95,59.34,2025-12-12
200,200,187,5,49.99,249.95000000000002,215.13,2025-12-12
200,200,97,2,10999.99,21999.98,21179.38,2025-12-12
201,201,86,3,19.99,59.97,55.87,2026-04-16
201,201,72,1,8.99,8.99,7.79,2026-04-16
201,201,28,5,5.49,27.450000000000003,25.06,2026-04-16
201,201,171,4,31999.99,127999.96,109107.17,2026-04-16
202,202,112,1,499.99,499.99,458.44,2026-03-19
202,202,19,5,9.99,49.95,43.11,2026-03-19
202,202,65,1,12.99,12.99,11.65,2026-03-19
202,202,113,5,3999.99,19999.949999999997,17579.96,2026-03-19
202,202,159,5,499.99,2499.95,2408.95,2026-03-19
202,202,119,4,12.99,51.96,43.44,2026-03-19
203,203,158,1,22.99,22.99,22.64,2026-03-16
203,203,70,4,6.99,27.96,23.9,2026-03-16
204,204,141,4,39.99,159.96,147.58,2026-09-07
204,204,190,4,4999.99,19999.96,18109.96,2026-09-07
204,204,38,2,5.99,11.98,10.87,2026-09-07
204,204,176,3,59.99,179.97,159.04,2026-09-07
204,204,190,1,4999.99,4999.99,4527.49,2026-09-07
204,204,91,2,119.99,239.98,228.05,2026-09-07
205,205,62,2,5.99,11.98,11.9,2025-10-23
205,205,113,4,3999.99,15999.96,14063.96,2025-10-23
206,206,141,4,39.99,159.96,147.58,2025-12-11
206,206,3,2,14.99,29.98,27.03,2025-12-11
206,206,185,2,19.99,39.98,38.65,2025-12-11
207,207,137,2,19.99,39.98,38.01,2026-08-21
207,207,146,5,5.99,29.950000000000003,29.07,2026-08-21
207,207,42,4,0.99,3.96,3.37,2026-08-21
207,207,164,4,34.99,139.96,119.97,2026-08-21
207,207,117,3,7499.99,22499.97,19894.47,2026-08-21
207,207,16,3,1.99,5.97,5.22,2026-08-21
208,208,3,3,14.99,44.97,40.54,2026-05-15
208,208,100,2,129.99,259.98,219.58,2026-05-15
